<?xml version="1.0" encoding="UTF-8"?>
<project-private xmlns="http://www.netbeans.org/ns/project-private/1">
    <editor-bookmarks xmlns="http://www.netbeans.org/ns/editor-bookmarks/2" lastBookmarkId="0"/>
    <open-files xmlns="http://www.netbeans.org/ns/projectui-open-files/2">
        <group>
            <file>file:/C:/xampp/htdocs/card2/application/views/shp.php</file>
            <file>file:/C:/xampp/htdocs/card2/application/views/mat.php</file>
            <file>file:/C:/xampp/htdocs/card2/application/models/action_page.php</file>
            <file>file:/C:/xampp/htdocs/card2/application/controllers/Welcome.php</file>
            <file>file:/C:/xampp/htdocs/card2/application/views/samp.php</file>
            <file>file:/C:/xampp/htdocs/card2/application/views/welcome_message.php</file>
        </group>
    </open-files>
</project-private>
